stateName,country_id,stateDesc,stateCode
Badakhshan,1,,
Badghis,1,,
Baghlan,1,,
Balkh,1,,
Bamian,1,,
Farah,1,,
Faryab,1,,
Ghazni,1,,
Ghowr,1,,
Helmand,1,,
Herat,1,,
Jowzjan,1,,
Kabul,1,,
Kandahar,1,,
Kapisa,1,,
Khowst,1,,
Konar,1,,
Kondoz,1,,
Laghman,1,,
Lowgar,1,,
Nangrahar,1,,
Nimruz,1,,
Nurestan,1,,
Oruzgan,1,,
Paktia,1,,
Paktika,1,,
Parwan,1,,
Samangan,1,,
Sar,1,,
Takhar,1,,
Wardak,1,,
Zabol,1,,
Berat,2,,
Bulqize,2,,
Delvine,2,,
Devoll,2,,
Diber,2,,
Durrses,2,,
Elbasan,2,,
Fier,2,,
Gramsh,2,,
Gjirokaster,2,,
Has,2,,
Kavaje,2,,
Kolonje,2,,
Korce,2,,
Kruje,2,,
Kucove,2,,
Kukes,2,,
Kurbin,2,,
Lezhe,2,,
Librazhd,2,,
Lushnje,2,,
Malesi e Madhe,2,,
Mallakaster,2,,
Mat,2,,
Mirdite,2,,
Peqin,2,,
Permet,2,,
Pogradec,2,,
Puke,2,,
Sarande,2,,
Skrapar,2,,
Shkoder,2,,
Tepelene,2,,
Tirane,2,,
Tropoje,2,,
Vlore,2,,
Adrar,3,,
Ain Defla,3,,
Ain Tmouchent,3,,
Alger,3,,
Annaba,3,,
Batna,3,,
Bechar,3,,
Bejaia,3,,
Biskra,3,,
Blida,3,,
Bordj Bou Arreridj,3,,
Bouira,3,,
Boumerdes,3,,
Chlef,3,,
Constantine,3,,
Djelfa,3,,
El Bayadh,3,,
El Oued,3,,
El Tarf,3,,
Ghardaia,3,,
Guelma,3,,
Illizi,3,,
Jijel,3,,
Khenchela,3,,
Laghouat,3,,
Mascara,3,,
Medea,3,,
Mila,3,,
Mostaganem,3,,
Msila,3,,
Naama,3,,
Oran,3,,
Ouargla,3,,
Oum el Bouaghi,3,,
Relizane,3,,
Saida,3,,
Setif,3,,
Sidi Bel Abbes,3,,
Skikda,3,,
Souk Ahras,3,,
Tamanghasset,3,,
Tebessa,3,,
Tiaret,3,,
Tindouf,3,,
Tipaza,3,,
Tissemsilt,3,,
Tizi Ouzou,3,,
Tlemcen,3,,
American Samoa,4,,
Andorra,5,,
Bengo,6,,
Benguela,6,,
Bie,6,,
Cabinda,6,,
Cuando,6,,
Cuanza Norte,6,,
Cuanza Sul,6,,
Cunene,6,,
Huambo,6,,
Huila,6,,
Luanda,6,,
Lunda Norte,6,,
Lunda Sul,6,,
Malange,6,,
Moxico,6,,
Namibe,6,,
Uige,6,,
Zaire,6,,
Anguilla,7,,
Australian Antarctic Territory,8,,
Antigua and Barbuda,9,,
Capital federal,10,,
Buenos Aires,10,,
Catamarca,10,,
Cordoba,10,,
Corrientes,10,,
Chaco,10,,
Chubut,10,,
Entre Rios,10,,
Formosa,10,,
Jujuy,10,,
La Pampa,10,,
Mendoza,10,,
Misiones,10,,
Neuquen,10,,
Rio Negro,10,,
Salta,10,,
San Juan,10,,
San Luis,10,,
Santa Cruz,10,,
Santa Fe,10,,
Santiago del Estero,10,,
Tierra del Fuego,10,,
Tucuman,10,,
Erevan,11,,
Aragacotn,11,,
Ararat,11,,
Armavir,11,,
Gegarkunik,11,,
Kotayk,11,,
Lory,11,,
Sirak,11,,
Syunik,11,,
Tavus,11,,
Vayoc Jor,11,,
Aruba,12,,
Australian Capital Territory,13,,
Northern Territory,13,,
New South Wales,13,,
Queensland,13,,
South Australia,13,,
Tasmania,13,,
Victoria,13,,
Western Australia,13,,
Burgenland,14,,
Karnten,14,,
Niederosterreich,14,,
Oberosterreich,14,,
Salzburg,14,,
Steiermark,14,,
Tirol,14,,
Vorarlberg,14,,
Wien,14,,
Naxcivan,15,,
Ali Bayramli,15,,
Baki,15,,
Ganca,15,,
Lankaran,15,,
Mingacevir,15,,
Naftalan,15,,
Saki,15,,
Sumqayit,15,,
Susa,15,,
Xankandi,15,,
Yevlax,15,,
Abseron,15,,
Agcabadi,15,,
Agdam,15,,
Agdas,15,,
Agstafa,15,,
Agsu,15,,
Astara,15,,
Babak,15,,
Balakan,15,,
Barda,15,,
Beylagan,15,,
Bilasuvar,15,,
Cabrayll,15,,
Calilabad,15,,
Culfa,15,,
Daskasan,15,,
Davaci,15,,
Fuzuli,15,,
Gadabay,15,,
Goranboy,15,,
Goycay,15,,
Haciqabul,15,,
Imisli,15,,
Ismayilli,15,,
Kalbacar,15,,
Kurdamir,15,,
Lacin,15,,
Lerik,15,,
Masalli,15,,
Neftcala,15,,
Oguz,15,,
Ordubad,15,,
Qabala,15,,
Qax,15,,
Qazax,15,,
Qobustan,15,,
Quba,15,,
Qubadli,15,,
Qusar,15,,
Saatli,15,,
Sabirabad,15,,
Sadarak,15,,
Sahbuz,15,,
Salyan,15,,
Samaxi,15,,
Samkir,15,,
Samux,15,,
Sarur,15,,
Siyazan,15,,
Tartar,15,,
Tovuz,15,,
Ucar,15,,
Xacmaz,15,,
Xanlar,15,,
Xizi,15,,
Xocali,15,,
Xocavand,15,,
Yardimli,15,,
Zangilan,15,,
Zaqatala,15,,
Zardab,15,,
Al Hadd,16,,
Al Manamah,16,,
Al Mintaqah al Gharbiyah,16,,
Al Mintagah al Wusta,16,,
Al Mintaqah ash Shamaliyah,16,,
Al Muharraq,16,,
Ar Rifa,16,,
Jidd Hafs,16,,
Madluat Jamad,16,,
Madluat Isa,16,,
Mintaqat Juzur tawar,16,,
Sitrah,16,,
Al Man?mah,16,,
Al Jan?b?yah,16,,
Al Wus?a,16,,
Ash Sham?l?yah,16,,
Bagerhat zila,17,,
Bandarban zila,17,,
Barguna zila,17,,
Barisal zila,17,,
Bhola zila,17,,
Bogra zila,17,,
Brahmanbaria zila,17,,
Chandpur zila,17,,
Chittagong zila,17,,
Chuadanga zila,17,,
Comilla zila,17,,
Coxs Bazar zila,17,,
Dhaka zila,17,,
Dinajpur zila,17,,
Faridpur zila,17,,
Feni zila,17,,
Gaibandha zila,17,,
Gazipur zila,17,,
Gopalganj zila,17,,
Habiganj zila,17,,
Jaipurhat zila,17,,
Jamalpur zila,17,,
Jessore zila,17,,
Jhalakati zila,17,,
Jhenaidah zila,17,,
Khagrachari zila,17,,
Khulna zila,17,,
Kishorganj zila,17,,
Kurigram zila,17,,
Kushtia zila,17,,
Lakshmipur zila,17,,
Lalmonirhat zila,17,,
Madaripur zila,17,,
Magura zila,17,,
Manikganj zila,17,,
Meherpur zila,17,,
Moulvibazar zila,17,,
Munshiganj zila,17,,
Mymensingh zila,17,,
Naogaon zila,17,,
Narail zila,17,,
Narayanganj zila,17,,
Narsingdi zila,17,,
Natore zila,17,,
Nawabganj zila,17,,
Netrakona zila,17,,
Nilphamari zila,17,,
Noakhali zila,17,,
Pabna zila,17,,
Panchagarh zila,17,,
Patuakhali zila,17,,
Pirojpur zila,17,,
Rajbari zila,17,,
Rajshahi zila,17,,
Rangamati zila,17,,
Rangpur zila,17,,
Satkhira zila,17,,
Shariatpur zila,17,,
Sherpur zila,17,,
Sirajganj zila,17,,
Sunamganj zila,17,,
Sylhet zila,17,,
Tangail zila,17,,
Thakurgaon zila,17,,
Barbados,18,,
Bresckaja voblasc,19,,
Homelskaja voblasc,19,,
Hrodzenskaja voblasc,19,,
Mahileuskaja voblasc,19,,
Minskaja voblasc,19,,
Vicebskaja voblasc,19,,
Antwerpen,20,,
Brabant Wallon,20,,
Hainaut,20,,
Liege,20,,
Limburg,20,,
Luxembourg,20,,
Namur,20,,
Oost,20,,
Vlaams,20,,
West,20,,
Brussels,20,,
Belize,21,,
Cayo,21,,
Corozal,21,,
Orange Walk,21,,
Stann Creek,21,,
Toledo,21,,
Alibori,22,,
Atakora,22,,
Atlantique,22,,
Borgou,22,,
Collines,22,,
Donga,22,,
Kouffo,22,,
Littoral,22,,
Mono,22,,
Oueme,22,,
Plateau,22,,
Zou,22,,
Bermuda,23,,
Bumthang,24,,
Chhukha,24,,
Dagana,24,,
Gasa,24,,
Ha,24,,
Lhuentse,24,,
Monggar,24,,
Paro,24,,
Pemagatshel,24,,
Punakha,24,,
Samdrup Jongkha,24,,
Samtee,24,,
Sarpang,24,,
Thimphu,24,,
Trashigang,24,,
Trashi Yangtse,24,,
Trongsa,24,,
Tsirang,24,,
Wangdue Phodrang,24,,
Zhemgang,24,,
Cochabamba,25,,
Chuquisaca,25,,
El Beni,25,,
La Paz,25,,
Oruro,25,,
Pando,25,,
Potosi,25,,
Tarija,25,,
Federacija Bosna i Hercegovina,26,,
Republika Srpska,26,,
Central,27,,
Ghanzi,27,,
Kgalagadi,27,,
Kgatleng,27,,
Kweneng,27,,
Ngamiland,27,,
North,27,,
North,27,,
South,27,,
Southern,27,,
Bouvet Island,28,,
Acre,29,,
Alagoas,29,,
Amazonas,29,,
Amapa,29,,
Baia,29,,
Ceara,29,,
Distrito Federal,29,,
Espirito Santo,29,,
Fernando de Noronha,29,,
Goias,29,,
Maranhao,29,,
Minas Gerais,29,,
Mato Grosso do Sul,29,,
Mato Grosso,29,,
Para,29,,
Paraiba,29,,
Pernambuco,29,,
Piaui,29,,
Parana,29,,
Rio de Janeiro,29,,
Rio Grande do Norte,29,,
Rondonia,29,,
Roraima,29,,
Rio Grande do Sul,29,,
Santa Catarina,29,,
Sergipe,29,,
Sao Paulo,29,,
Tocatins,29,,
British Indian Ocean Territory,30,,
"Virgin Islands, British",31,,
Belait,32,,
Brunei,32,,
Temburong,32,,
Tutong,32,,
Blagoevgrad,33,,
Burgas,33,,
Dobric,33,,
Gabrovo,33,,
Haskovo,33,,
Jambol,33,,
Kardzali,33,,
Kjstendil,33,,
Lovec,33,,
Montana,33,,
Pazardzik,33,,
Pernik,33,,
Pleven,33,,
Plovdiv,33,,
Razgrad,33,,
Ruse,33,,
Silistra,33,,
Sliven,33,,
Smoljan,33,,
Sofia,33,,
Stara Zagora,33,,
Sumen,33,,
Targoviste,33,,
Varna,33,,
Veliko Tarnovo,33,,
Vidin,33,,
Vraca,33,,
Bale,34,,
Bam,34,,
Banwa,34,,
Bazega,34,,
Bougouriba,34,,
Boulgou,34,,
Boulkiemde,34,,
Comoe,34,,
Ganzourgou,34,,
Gnagna,34,,
Gourma,34,,
Houet,34,,
Ioba,34,,
Kadiogo,34,,
Kenedougou,34,,
Komondjari,34,,
Kompienga,34,,
Kossi,34,,
Koulpulogo,34,,
Kouritenga,34,,
Kourweogo,34,,
Leraba,34,,
Loroum,34,,
Mouhoun,34,,
Nahouri,34,,
Namentenga,34,,
Nayala,34,,
Noumbiel,34,,
Oubritenga,34,,
Oudalan,34,,
Passore,34,,
Poni,34,,
Sanguie,34,,
Sanmatenga,34,,
Seno,34,,
Siasili,34,,
Soum,34,,
Sourou,34,,
Tapoa,34,,
Tui,34,,
Yagha,34,,
Yatenga,34,,
Ziro,34,,
Zondoma,34,,
Zoundweogo,34,,
Ayeyarwady,35,,
Bago,35,,
Magway,35,,
Mandalay,35,,
Sagaing,35,,
Tanintharyi,35,,
Yangon,35,,
Chin,35,,
Kachin,35,,
Kayah,35,,
Kayin,35,,
Mon,35,,
Rakhine,35,,
Shan,35,,
Bubanza,36,,
Bujumbura,36,,
Bururi,36,,
Cankuzo,36,,
Cibitoke,36,,
Gitega,36,,
Karuzi,36,,
Kayanza,36,,
Makamba,36,,
Muramvya,36,,
Mwaro,36,,
Ngozi,36,,
Rutana,36,,
Ruyigi,36,,
Krong Kaeb,37,,
Krong Pailin,37,,
Xrong Preah Sihanouk,37,,
Phnom Penh,37,,
Baat Dambang,37,,
Banteay Mean Chey,37,,
Rampong Chaam,37,,
Kampong Chhnang,37,,
Kampong Spueu,37,,
Kampong Thum,37,,
Kampot,37,,
Kandaal,37,,
Kach Kong,37,,
Krachoh,37,,
Mondol Kiri,37,,
Otdar Mean Chey,37,,
Pousaat,37,,
Preah Vihear,37,,
Prey Veaeng,37,,
Rotanak Kiri,37,,
Siem Reab,37,,
Stueng Traeng,37,,
Svaay Rieng,37,,
Taakaev,37,,
Adamaoua,38,,
Centre,38,,
East,38,,
Far North,38,,
North,38,,
South,38,,
South,38,,
West,38,,
Alberta,39,,
British Columbia,39,,
Manitoba,39,,
New Brunswick,39,,
Newfoundland and Labrador,39,,
Northwest Territories,39,,
Nova Scotia,39,,
Nunavut,39,,
Ontario,39,,
Prince Edward Island,39,,
Quebec,39,,
Saskatchewan,39,,
Yukon Territory,39,,
Boa Vista,40,,
Brava,40,,
Calheta de Sao Miguel,40,,
Fogo,40,,
Maio,40,,
Mosteiros,40,,
Paul,40,,
Porto Novo,40,,
Praia,40,,
Ribeira Grande,40,,
Sal,40,,
Sao Domingos,40,,
Sao Filipe,40,,
Sao Nicolau,40,,
Sao Vicente,40,,
Tarrafal,40,,
Cayman Islands,41,,
Bangui,42,,
Bamingui,42,,
Basse,42,,
Haute,42,,
Haut,42,,
Kemo,42,,
Lobaye,42,,
Mambere,42,,
Mbomou,42,,
Nana,42,,
Nana,42,,
Ombella,42,,
Ouaka,42,,
Ouham,42,,
Ouham,42,,
Sangha,42,,
Vakaga,42,,
Batha,43,,
Biltine,43,,
Borkou,43,,
Chari,43,,
Guera,43,,
Kanem,43,,
Lac,43,,
Logone,43,,
Logone,43,,
Mayo,43,,
Moyen,43,,
Ouaddai,43,,
Salamat,43,,
Tandjile,43,,
Aisen del General Carlos Ibanez del Campo,44,,
Antofagasta,44,,
Araucania,44,,
Atacama,44,,
Bio,44,,
Coquimbo,44,,
Libertador General Bernardo OHiggins,44,,
Los Lagos,44,,
Magallanes,44,,
Maule,44,,
Region Metropolitana de Santiago,44,,
Tarapaca,44,,
Valparaiso,44,,
Beijing,45,,
Chongqing,45,,
Shanghai,45,,
Tianjin,45,,
Anhui,45,,
Fujian,45,,
Gansu,45,,
Guangdong,45,,
Guizhou,45,,
Hainan,45,,
Hebei,45,,
Heilongjiang,45,,
Henan,45,,
Hubei,45,,
Hunan,45,,
Jiangsu,45,,
Jiangxi,45,,
Jilin,45,,
Liaoning,45,,
Qinghai,45,,
Shaanxi,45,,
Shandong,45,,
Shanxi,45,,
Sichuan,45,,
Taiwan,45,,
Yunnan,45,,
Zhejiang,45,,
Guangxi,45,,
Neia Mongol (mn),45,,
Xinjiang,45,,
Xizang,45,,
Hong Kong,45,,
Macau,45,,
Christmas Island,46,,
Cocos (Keeling) Islands,47,,
Distrito Capital de Bogota,48,,
Amazonea,48,,
Antioquia,48,,
Arauca,48,,
Atlantico,48,,
Bolivar,48,,
Boyaca,48,,
Caldea,48,,
Caqueta,48,,
Casanare,48,,
Cauca,48,,
Cesar,48,,
Cordoba,48,,
Cundinamarca,48,,
Choco,48,,
Guainia,48,,
Guaviare,48,,
La Guajira,48,,
Magdalena,48,,
Meta,48,,
Narino,48,,
Norte de Santander,48,,
Putumayo,48,,
Quindio,48,,
Risaralda,48,,
"San Andres, Providencia y Santa Catalina",48,,
Santander,48,,
Sucre,48,,
Tolima,48,,
Valle del Cauca,48,,
Vaupes,48,,
Vichada,48,,
Anjouan Ndzouani,49,,
Grande Comore Ngazidja,49,,
Moheli Moili,49,,
Kinshasa,50,,
Bandundu,50,,
Bas,50,,
Equateur,50,,
Haut,50,,
Kasai,50,,
Kasai,50,,
Katanga,50,,
Maniema,50,,
Nord,50,,
Orientale,50,,
Sud,50,,
Brazzaville,51,,
Bouenza,51,,
Cuvette,51,,
Cuvette,51,,
Kouilou,51,,
Lekoumou,51,,
Likouala,51,,
Niari,51,,
Plateaux,51,,
Pool,51,,
Sangha,51,,
Cook Islands,52,,
Alajuela,53,,
Cartago,53,,
Guanacaste,53,,
Heredia,53,,
Limon,53,,
Puntarenas,53,,
San Jose,53,,
18 Montagnes,54,,
Agnebi,54,,
Bas,54,,
Denguele,54,,
Haut,54,,
Lacs,54,,
Lagunes,54,,
Marahoue,54,,
Moyen,54,,
Nzi,54,,
Savanes,54,,
Sud,54,,
Sud,54,,
Vallee du Bandama,54,,
Worodouqou,54,,
Zanzan,54,,
Bjelovarsko,55,,
Brodsko,55,,
Dubrovacko,55,,
Istarska zupanija,55,,
Karlovacka zupanija,55,,
Koprivnickco,55,,
Krapinako,55,,
Licko,55,,
Medimurska zupanija,55,,
Osjecko,55,,
Pozesko,55,,
Primorsko,55,,
Sisacko,55,,
Splitako,55,,
Sibenako,55,,
Varaidinska zupanija,55,,
VirovitiEko,55,,
VuRovarako,55,,
Zadaraka,55,,
Zagrebacka zupanija,55,,
Camagey,56,,
Ciego de `vila,56,,
Cienfuegos,56,,
Ciudad de La Habana,56,,
Granma,56,,
Guantanamo,56,,
Holquin,56,,
La Habana,56,,
Las Tunas,56,,
Matanzas,56,,
Pinar del Rio,56,,
Sancti Spiritus,56,,
Santiago de Cuba,56,,
Villa Clara,56,,
Isla de la Juventud,56,,
Pinar del Roo,56,,
Ciego de Avila,56,,
Camagoey,56,,
Holgun,56,,
Sancti Spritus,56,,
Municipio Especial Isla de la Juventud,56,,
Ammochostos Magusa,57,,
Keryneia,57,,
Larnaka,57,,
Lefkosia,57,,
Lemesos,57,,
Pafos,57,,
Jiho?esky kraj,58,,
Jihomoravsky kraj,58,,
Karlovarsky kraj,58,,
Kralovehradecky kraj,58,,
Liberecky kraj,58,,
Moravskoslezsky kraj,58,,
Olomoucky kraj,58,,
Pardubicky kraj,58,,
Plze?sky kraj,58,,
"Praha, hlavni m?sto",58,,
St?edo?esky kraj,58,,
ustecky kraj,58,,
Vyso?ina,58,,
Zlinsky kraj,58,,
Frederiksberg,59,,
Copenhagen City,59,,
Copenhagen,59,,
Frederiksborg,59,,
Roskilde,59,,
Vestsjaelland,59,,
Storstrom,59,,
Bornholm,59,,
Fyn,59,,
South Jutland,59,,
Ribe,59,,
Vejle,59,,
Ringkjobing,59,,
Arhus,59,,
Viborg,59,,
North Jutland,59,,
Ali Sabiah,60,,
Dikhil,60,,
Djibouti,60,,
Obock,60,,
Tadjoura,60,,
Dominica,61,,
Distrito Nacional (Santo Domingo),62,,
Azua,62,,
Bahoruco,62,,
Barahona,62,,
Dajabon,62,,
Duarte,62,,
El Seybo [El Seibo],62,,
Espaillat,62,,
Hato Mayor,62,,
Independencia,62,,
La Altagracia,62,,
La Estrelleta [Elias Pina],62,,
La Romana,62,,
La Vega,62,,
Maroia Trinidad Sanchez,62,,
Monsenor Nouel,62,,
Monte Cristi,62,,
Monte Plata,62,,
Pedernales,62,,
Peravia,62,,
Puerto Plata,62,,
Salcedo,62,,
Samana,62,,
San Cristobal,62,,
San Pedro de Macoris,62,,
Sanchez Ramirez,62,,
Santiago,62,,
Santiago Rodriguez,62,,
Valverde,62,,
Aileu,63,,
Ainaro,63,,
Bacucau,63,,
Bobonaro,63,,
Cova Lima,63,,
Dili,63,,
Ermera,63,,
Laulem,63,,
Liquica,63,,
Manatuto,63,,
Manafahi,63,,
Oecussi,63,,
Viqueque,63,,
Azuay,64,,
Bolivar,64,,
Canar,64,,
Carchi,64,,
Cotopaxi,64,,
Chimborazo,64,,
El Oro,64,,
Esmeraldas,64,,
Galapagos,64,,
Guayas,64,,
Imbabura,64,,
Loja,64,,
Los Rios,64,,
Manabi,64,,
Morona,64,,
Napo,64,,
Orellana,64,,
Pastaza,64,,
Pichincha,64,,
Sucumbios,64,,
Tungurahua,64,,
Zamora,64,,
Ad Daqahllyah,65,,
Al Bahr al Ahmar,65,,
Al Buhayrah,65,,
Al Fayym,65,,
Al Gharbiyah,65,,
Al Iskandarlyah,65,,
Al Isma illyah,65,,
Al Jizah,65,,
Al Minuflyah,65,,
Al Minya,65,,
Al Qahirah,65,,
Al Qalyublyah,65,,
Al Wadi al Jadid,65,,
Ash Sharqiyah,65,,
As Suways,65,,
Aswan,65,,
Asyut,65,,
Bani Suwayf,65,,
Bur Said,65,,
Dumyat,65,,
Janub Sina,65,,
Kafr ash Shaykh,65,,
Matruh,65,,
Qina,65,,
Shamal Sina,65,,
Suhaj,65,,
Ahuachapan,66,,
Cabanas,66,,
Cuscatlan,66,,
Chalatenango,66,,
Morazan,66,,
San Miguel,66,,
San Salvador,66,,
Santa Ana,66,,
San Vicente,66,,
Sonsonate,66,,
Usulutan,66,,
Region Continental,67,,
Region Insular,67,,
Annobon,67,,
Bioko Norte,67,,
Bioko Sur,67,,
Centro Sur,67,,
Kie,67,,
Litoral,67,,
Wele,67,,
Anseba,68,,
Debub,68,,
Debubawi Keyih Bahri [Debub,68,,
Gash,68,,
Maakel [Maekel],68,,
Semenawi Keyih Bahri [Semien,68,,
Harjumsa,69,,
Hitumea,69,,
Ida,69,,
Jogevamsa,69,,
Jarvamsa,69,,
Lasnemsa,69,,
Laane,69,,
Polvamea,69,,
Parnumsa,69,,
Raplamsa,69,,
Saaremsa,69,,
Tartumsa,69,,
Valgamaa,69,,
Viljandimsa,69,,
Vorumaa,69,,
Addis Ababa,70,,
Dire Dawa,70,,
Afar,70,,
Amara,70,,
Benshangul,70,,
Gambela Peoples,70,,
Harari People,70,,
Oromia,70,,
Somali,70,,
"Southern Nations, Nationalities and Peoples",70,,
Tigrai,70,,
Falkland Islands (Malvinas),71,,
Faroe Islands,72,,
Eastern,73,,
Northern,73,,
Western,73,,
Rotuma,73,,
South Karelia,74,,
South Ostrobothnia,74,,
Etela,74,,
Hame,74,,
Ita,74,,
Kainuu,74,,
Central Ostrobothnia,74,,
Central Finland,74,,
Kymenlaakso,74,,
Lapland,74,,
Tampere Region,74,,
Ostrobothnia,74,,
North Karelia,74,,
Nothern Ostrobothnia,74,,
Northern Savo,74,,
Paijat,74,,
Satakunta,74,,
Uusimaa,74,,
South,74,,
Aland,74,,
Ain,75,,
Aisne,75,,
Allier,75,,
Alpes,75,,
Alpes,75,,
Ardeche,75,,
Ardennes,75,,
Ariege,75,,
Aube,75,,
Aude,75,,
Aveyron,75,,
Bas,75,,
Bouches,75,,
Calvados,75,,
Cantal,75,,
Charente,75,,
Charente,75,,
Cher,75,,
Correze,75,,
Corse,75,,
Cote,75,,
Cotes,75,,
Creuse,75,,
Deux,75,,
Dordogne,75,,
Doubs,75,,
Drome,75,,
Essonne,75,,
Eure,75,,
Eure,75,,
Finistere,75,,
Gard,75,,
Gers,75,,
Gironde,75,,
Haut,75,,
Haute,75,,
Haute,75,,
Haute,75,,
Haute,75,,
Haute,75,,
Haute,75,,
Hautes,75,,
Hautes,75,,
Hauts,75,,
Herault,75,,
Indre,75,,
Ille,75,,
Indre,75,,
Isere,75,,
Landes,75,,
Loir,75,,
Loire,75,,
Loire,75,,
Loiret,75,,
Lot,75,,
Lot,75,,
Lozere,75,,
Maine,75,,
Manche,75,,
Marne,75,,
Mayenne,75,,
Meurthe,75,,
Meuse,75,,
Morbihan,75,,
Moselle,75,,
Nievre,75,,
Nord,75,,
Oise,75,,
Orne,75,,
Paris,75,,
Pas,75,,
Puy,75,,
Pyrenees,75,,
Pyrenees,75,,
Rhone,75,,
Saone,75,,
Sarthe,75,,
Savoie,75,,
Seine,75,,
Seine,75,,
Seine,75,,
Somme,75,,
Tarn,75,,
Tarn,75,,
Val dOise,75,,
Territoire de Belfort,75,,
Val,75,,
Var,75,,
Vaucluse,75,,
Vendee,75,,
Vienne,75,,
Vosges,75,,
Yonne,75,,
Yvelines,75,,
Jura,75,,
French Guiana,76,,
French Polynesia,77,,
French Southern Territories,78,,
Gabon,79,,
Georgia,80,,
Baden,81,,
Bayern,81,,
Bremen,81,,
Hamburg,81,,
Hessen,81,,
Niedersachsen,81,,
Nordrhein,81,,
Rheinland,81,,
Saarland,81,,
Schleswig,81,,
Berlin,81,,
Brandenburg,81,,
Mecklenburg,81,,
Sachsen,81,,
Sachsen,81,,
Thueringen,81,,
Ashanti,82,,
Brong,82,,
Greater Accra,82,,
Upper East,82,,
Upper West,82,,
Volta,82,,
Gibraltar,83,,
Achaia,84,,
Aitolia,84,,
Argolis,84,,
Arkadia,84,,
Arta,84,,
Attiki,84,,
Chalkidiki,84,,
Chania,84,,
Chios,84,,
Dodekanisos,84,,
Drama,84,,
Evros,84,,
Evrytania,84,,
Evvoia,84,,
Florina,84,,
Fokis,84,,
Fthiotis,84,,
Grevena,84,,
Ileia,84,,
Imathia,84,,
Ioannina,84,,
Irakleion,84,,
Karditsa,84,,
Kastoria,84,,
Kavalla,84,,
Kefallinia,84,,
Kerkyra,84,,
Kilkis,84,,
Korinthia,84,,
Kozani,84,,
Kyklades,84,,
Lakonia,84,,
Larisa,84,,
Lasithion,84,,
Lefkas,84,,
Lesvos,84,,
Magnisia,84,,
Messinia,84,,
Pella,84,,
Preveza,84,,
Rethymnon,84,,
Rodopi,84,,
Samos,84,,
Serrai,84,,
Thesprotia,84,,
Thessaloniki,84,,
Trikala,84,,
Voiotia,84,,
Xanthi,84,,
Zakynthos,84,,
Agio Oros,84,,
Greenland,85,,
Grenada,86,,
Guadeloupe,87,,
Guam,88,,
Alta Verapez,89,,
Baja Verapez,89,,
Chimaltenango,89,,
Chiquimula,89,,
El Progreso,89,,
Escuintla,89,,
Guatemala,89,,
Huehuetenango,89,,
Izabal,89,,
Jalapa,89,,
Jutiapa,89,,
Peten,89,,
Quetzaltenango,89,,
Quiche,89,,
Reta.thuleu,89,,
Sacatepequez,89,,
San Marcos,89,,
Santa Rosa,89,,
Solol6,89,,
Suchitepequez,89,,
Totonicapan,89,,
Zacapa,89,,
Beyla,90,,
Boffa,90,,
Boke,90,,
Coyah,90,,
Dabola,90,,
Dalaba,90,,
Dinguiraye,90,,
Dubreka,90,,
Faranah,90,,
Forecariah,90,,
Fria,90,,
Gaoual,90,,
Guekedou,90,,
Kankan,90,,
Kerouane,90,,
Kindia,90,,
Kissidougou,90,,
Koubia,90,,
Koundara,90,,
Kouroussa,90,,
Labe,90,,
Lelouma,90,,
Lola,90,,
Macenta,90,,
Mali,90,,
Mamou,90,,
Mandiana,90,,
Nzerekore,90,,
Pita,90,,
Siguiri,90,,
Telimele,90,,
Tougue,90,,
Yomou,90,,
Bissau,91,,
Bafata,91,,
Biombo,91,,
Bolama,91,,
Cacheu,91,,
Gabu,91,,
Oio,91,,
Quloara,91,,
Tombali S,91,,
Barima,92,,
Cuyuni,92,,
Demerara,92,,
East Berbice,92,,
Essequibo Islands,92,,
Mahaica,92,,
Pomeroon,92,,
Potaro,92,,
Upper Demerara,92,,
Upper Takutu,92,,
Grande,93,,
Nord,93,,
Nord,93,,
Ouest,93,,
Sud,93,,
Sud,93,,
Artibonite,93,,
Centre,93,,
Nippes,93,,
Nord,93,,
Heard Island and McDonald Islands,94,,
Holy See (Vatican City State),95,,
Atlantida,96,,
Colon,96,,
Comayagua,96,,
Copan,96,,
Cortes,96,,
Choluteca,96,,
El Paraiso,96,,
Francisco Morazan,96,,
Gracias a Dios,96,,
Intibuca,96,,
Islas de la Bahia,96,,
Lempira,96,,
Ocotepeque,96,,
Olancho,96,,
Santa Barbara,96,,
Valle,96,,
Yoro,96,,
Central and Western,97,,
Eastern,97,,
Southern,97,,
Wan Chai,97,,
Kowloon City,97,,
Kwun Tong,97,,
Sham Shui Po,97,,
Wong Tai Sin,97,,
Yau Tsim Mong,97,,
Islands,97,,
Kwai Tsing,97,,
North,97,,
Sai Kung,97,,
Sha Tin,97,,
Tai Po,97,,
Tsuen Wan,97,,
Tuen Mun,97,,
Yuen Long,97,,
Budapest,98,,
Bacs,98,,
Baranya,98,,
Bekes,98,,
Borsod,98,,
Csongrad,98,,
Fejer,98,,
Gy?r,98,,
Hajdu,98,,
Heves,98,,
Jasz,98,,
Komarom,98,,
Nograd,98,,
Pest,98,,
Somogy,98,,
Szabolcs,98,,
Tolna,98,,
Vas,98,,
Veszprem,98,,
Zala,98,,
Bekescsaba,98,,
Debrecen,98,,
Dunaujvaros,98,,
Eger,98,,
Gy?r,98,,
Hodmez?vasarhely,98,,
Kaposvar,98,,
Kecskemet,98,,
Miskolc,98,,
Nagykanizsa,98,,
Nyiregyhaza,98,,
Pecs,98,,
Salgotarjan,98,,
Sopron,98,,
Szeged,98,,
Szekesfehervar,98,,
Szekszard,98,,
Szolnok,98,,
Szombathely,98,,
Tatabanya,98,,
Zalaegerszeg,98,,
Austurland,99,,
Hofuoborgarsvaeoi utan Reykjavikur,99,,
Norourland eystra,99,,
Norourland vestra,99,,
Reykjavik,99,,
Suourland,99,,
Suournes,99,,
Vestfirolr,99,,
Vesturland,99,,
Maharashtra,100,,
Karnataka,100,,
Andhra Pradesh,100,,
Arunachal Pradesh,100,,
Assam,100,,
Bihar,100,,
Chhattisgarh,100,,
Goa,100,,
Gujarat,100,,
Haryana,100,,
Himachal Pradesh,100,,
Jammu and Kashmir,100,,
Jharkhand,100,,
Kerala,100,,
Madhya Pradesh,100,,
Manipur,100,,
Meghalaya,100,,
Mizoram,100,,
Nagaland,100,,
Orissa,100,,
Punjab,100,,
Rajasthan,100,,
Sikkim,100,,
Tamil Nadu,100,,
Tripura,100,,
Uttaranchal,100,,
Uttar Pradesh,100,,
West Bengal,100,,
Andaman and Nicobar Islands,100,,
Dadra and Nagar Haveli,100,,
Daman and Diu,100,,
Delhi,100,,
Lakshadweep,100,,
Pondicherry,100,,
Bali,101,,
Bangka Belitung,101,,
Banten,101,,
Bengkulu,101,,
Gorontalo,101,,
Irian Jaya,101,,
Jambi,101,,
Jawa Barat,101,,
Jawa Tengah,101,,
Jawa Timur,101,,
Kalimantan Barat,101,,
Kalimantan Timur,101,,
Kalimantan Selatan,101,,
Kepulauan Riau,101,,
Lampung,101,,
Maluku,101,,
Maluku Utara,101,,
Nusa Tenggara Barat,101,,
Nusa Tenggara Timur,101,,
Papua,101,,
Riau,101,,
Sulawesi Selatan,101,,
Sulawesi Tengah,101,,
Sulawesi Tenggara,101,,
Sulawesi Utara,101,,
Sumatra Barat,101,,
Sumatra Selatan,101,,
Sumatera Utara,101,,
Jakarta Raya,101,,
Aceh,101,,
Yogyakarta,101,,
Ardabil,102,,
Azarbayjan,102,,
Azarbayjan,102,,
Bushehr,102,,
Chahar Mahall va Bakhtiari,102,,
Esfahan,102,,
Fars,102,,
Gilan,102,,
Golestan,102,,
Hamadan,102,,
Hormozgan,102,,
Iiam,102,,
Kerman,102,,
Kermanshah,102,,
Khorasan,102,,
Khuzestan,102,,
Kohjiluyeh va Buyer Ahmad,102,,
Kordestan,102,,
Lorestan,102,,
Markazi,102,,
Mazandaran,102,,
Qazvin,102,,
Qom,102,,
Semnan,102,,
Sistan va Baluchestan,102,,
Tehran,102,,
Yazd,102,,
Zanjan,102,,
Al Anbar,103,,
"Al Ba,rah",103,,
Al Muthanna,103,,
Al Qadisiyah,103,,
An Najef,103,,
Arbil,103,,
As Sulaymaniyah,103,,
At Tamim,103,,
Babil,103,,
Baghdad,103,,
Dahuk,103,,
Dhi Qar,103,,
Diyala,103,,
Karbala,103,,
Maysan,103,,
Ninawa,103,,
Salah ad Din,103,,
Wasit,103,,
Cork,104,,
Clare,104,,
Cavan,104,,
Carlow,104,,
Dublin,104,,
Donegal,104,,
Galway,104,,
Kildare,104,,
Kilkenny,104,,
Kerry,104,,
Longford,104,,
Louth,104,,
Limerick,104,,
Leitrim,104,,
Laois,104,,
Meath,104,,
Monaghan,104,,
Mayo,104,,
Offaly,104,,
Roscommon,104,,
Sligo,104,,
Tipperary,104,,
Waterford,104,,
Westmeath,104,,
Wicklow,104,,
Wexford,104,,
HaDarom,105,,
HaMerkaz,105,,
HaZafon,105,,
Haifa,105,,
Tel,105,,
Jerusalem,105,,
Agrigento,106,,
Alessandria,106,,
Ancona,106,,
Aosta,106,,
Arezzo,106,,
Ascoli Piceno,106,,
Asti,106,,
Avellino,106,,
Bari,106,,
Belluno,106,,
Benevento,106,,
Bergamo,106,,
Biella,106,,
Bologna,106,,
Bolzano,106,,
Brescia,106,,
Brindisi,106,,
Cagliari,106,,
Caltanissetta,106,,
Campobasso,106,,
Caserta,106,,
Catania,106,,
Catanzaro,106,,
Chieti,106,,
Como,106,,
Cosenza,106,,
Cremona,106,,
Crotone,106,,
Cuneo,106,,
Enna,106,,
Ferrara,106,,
Firenze,106,,
Foggia,106,,
Forli,106,,
Frosinone,106,,
Genova,106,,
Gorizia,106,,
Grosseto,106,,
Imperia,106,,
Isernia,106,,
LAquila,106,,
La Spezia,106,,
Latina,106,,
Lecce,106,,
Lecco,106,,
Livorno,106,,
Lodi,106,,
Lucca,106,,
Macerata,106,,
Mantova,106,,
Massa,106,,
Matera,106,,
Messina,106,,
Milano,106,,
Modena,106,,
Napoli,106,,
Novara,106,,
Nuoro,106,,
Oristano,106,,
Padova,106,,
Palermo,106,,
Parma,106,,
Pavia,106,,
Perugia,106,,
Pesaro e Urbino,106,,
Pescara,106,,
Piacenza,106,,
Pisa,106,,
Pistoia,106,,
Pordenone,106,,
Potenza,106,,
Prato,106,,
Ragusa,106,,
Ravenna,106,,
Reggio Calabria,106,,
Reggio Emilia,106,,
Rieti,106,,
Rimini,106,,
Roma,106,,
Rovigo,106,,
Salerno,106,,
Sassari,106,,
Savona,106,,
Siena,106,,
Siracusa,106,,
Sondrio,106,,
Taranto,106,,
Teramo,106,,
Terni,106,,
Torino,106,,
Trapani,106,,
Trento,106,,
Treviso,106,,
Trieste,106,,
Udine,106,,
Varese,106,,
Venezia,106,,
Verbano,106,,
Vercelli,106,,
Verona,106,,
Vibo Valentia,106,,
Vicenza,106,,
Viterbo,106,,
Carbonia,106,,
Olbia,106,,
Medio Campidano,106,,
Ogliastra,106,,
Barletta,106,,
Fermo,106,,
Monza e Brianza,106,,
Clarendon,107,,
Hanover,107,,
Kingston,107,,
Portland,107,,
Saint Andrew,107,,
Saint Ann,107,,
Saint Catherine,107,,
Saint Elizabeth,107,,
Saint James,107,,
Saint Mary,107,,
Saint Thomas,107,,
Trelawny,107,,
Westmoreland,107,,
Manchester,107,,
Aichi,108,,
Akita,108,,
Aomori,108,,
Chiba,108,,
Ehime,108,,
Fukui,108,,
Fukuoka,108,,
Fukusima,108,,
Gifu,108,,
Gunma,108,,
Hiroshima,108,,
Hokkaido,108,,
Hyogo,108,,
Ibaraki,108,,
Ishikawa,108,,
Iwate,108,,
Kagawa,108,,
Kagoshima,108,,
Kanagawa,108,,
Kochi,108,,
Kumamoto,108,,
Kyoto,108,,
Mie,108,,
Miyagi,108,,
Miyazaki,108,,
Nagano,108,,
Nagasaki,108,,
Nara,108,,
Niigata,108,,
Oita,108,,
Okayama,108,,
Okinawa,108,,
Osaka,108,,
Saga,108,,
Saitama,108,,
Shiga,108,,
Shimane,108,,
Shizuoka,108,,
Tochigi,108,,
Tokushima,108,,
Tokyo,108,,
Tottori,108,,
Toyama,108,,
Wakayama,108,,
Yamagata,108,,
Yamaguchi,108,,
Yamanashi,108,,
Ajln,109,,
Al Aqaba,109,,
Al Balqa,109,,
Al Karak,109,,
Al Mafraq,109,,
Amman,109,,
At Tafilah,109,,
Az Zarga,109,,
Irbid,109,,
Jarash,109,,
Maan,109,,
Madaba,109,,
Almaty,110,,
Astana,110,,
Almaty oblysy,110,,
Aqmola oblysy,110,,
Aqtobe oblysy,110,,
Atyrau oblyfiy,110,,
Batys Quzaqstan oblysy,110,,
Mangghystau oblysy,110,,
Ongtustik Quzaqstan oblysy,110,,
Pavlodar oblysy,110,,
Qaraghandy oblysy,110,,
Qostanay oblysy,110,,
Qyzylorda oblysy,110,,
Shyghys Quzaqstan oblysy,110,,
Soltustik Quzaqstan oblysy,110,,
Zhambyl oblysy Zhambylskaya oblast,110,,
Nairobi Municipality,111,,
Coast,111,,
North,111,,
Rift Valley,111,,
Western Magharibi,111,,
Gilbert Islands,112,,
Line Islands,112,,
Phoenix Islands,112,,
Kaesong,113,,
Nampo,113,,
Pyongyang,113,,
Chagang,113,,
Hamgyongbuk,113,,
Hamgyongnam,113,,
Hwanghaebuk,113,,
Hwanghaenam,113,,
Kangwon,113,,
Pyonganbuk,113,,
Pyongannam,113,,
Yanggang,113,,
Najin Sonbong,113,,
Seoul Teugbyeolsi,114,,
Busan Gwangyeogsi,114,,
Daegu Gwangyeogsi,114,,
Daejeon Gwangyeogsi,114,,
Gwangju Gwangyeogsi,114,,
Incheon Gwangyeogsi,114,,
Ulsan Gwangyeogsi,114,,
Chungcheongbugdo,114,,
Chungcheongnamdo,114,,
Gangweondo,114,,
Gyeonggido,114,,
Gyeongsangbugdo,114,,
Gyeongsangnamdo,114,,
Jejudo,114,,
Jeonrabugdo,114,,
Jeonranamdo,114,,
Al Ahmadi,115,,
Al Farwanlyah,115,,
Al Jahrah,115,,
Al Kuwayt,115,,
Hawalli,115,,
Bishkek,116,,
Batken,116,,
Chu,116,,
Jalal,116,,
Naryn,116,,
Osh,116,,
Talas,116,,
Ysyk,116,,
Vientiane,117,,
Attapu,117,,
Bokeo,117,,
Bolikhamxai,117,,
Champasak,117,,
Houaphan,117,,
Khammouan,117,,
Louang Namtha,117,,
Louangphabang,117,,
Oudomxai,117,,
Phongsali,117,,
Salavan,117,,
Savannakhet,117,,
Xaignabouli,117,,
Xiasomboun,117,,
Xekong,117,,
Xiangkhoang,117,,
Aizkraukles Apripkis,118,,
Alkanes Apripkis,118,,
Balvu Apripkis,118,,
Bauskas Apripkis,118,,
Cesu Aprikis,118,,
Daugavpile Apripkis,118,,
Dobeles Apripkis,118,,
Gulbenes Aprlpkis,118,,
Jelgavas Apripkis,118,,
Jekabpils Apripkis,118,,
Kraslavas Apripkis,118,,
Kuldlgas Apripkis,118,,
Limbazu Apripkis,118,,
Liepajas Apripkis,118,,
Ludzas Apripkis,118,,
Madonas Apripkis,118,,
Ogres Apripkis,118,,
Preilu Apripkis,118,,
Rezaknes Apripkis,118,,
Rigas Apripkis,118,,
Saldus Apripkis,118,,
Talsu Apripkis,118,,
Tukuma Apriplcis,118,,
Valkas Apripkis,118,,
Valmieras Apripkis,118,,
Ventspils Apripkis,118,,
Daugavpils,118,,
Jelgava,118,,
Jurmala,118,,
Liepaja,118,,
Rezekne,118,,
Riga,118,,
Ventspils,118,,
Beirout,119,,
El Begsa,119,,
Jabal Loubnane,119,,
Loubnane ech Chemali,119,,
Loubnane ej Jnoubi,119,,
Nabatiye,119,,
Berea,120,,
Butha,120,,
Leribe,120,,
Mafeteng,120,,
Maseru,120,,
Mohales Hoek,120,,
Mokhotlong,120,,
Qachas Nek,120,,
Quthing,120,,
Thaba,120,,
Bomi,121,,
Bong,121,,
Grand Basaa,121,,
Grand Cape Mount,121,,
Grand Gedeh,121,,
Grand Kru,121,,
Lofa,121,,
Margibi,121,,
Maryland,121,,
Montserrado,121,,
Nimba,121,,
Rivercess,121,,
Sinoe,121,,
Ajd?biy?,122,,
Al Bu?n?n,122,,
Al Hiz?m al Akhdar,122,,
Al Jabal al Akhdar,122,,
Al Jif?rah,122,,
Al Jufrah,122,,
Al Kufrah,122,,
Al Marj,122,,
Al Marqab,122,,
Al Qa?r?n,122,,
Al Qubbah,122,,
Al W?hah,122,,
An Nuqa? al Khams,122,,
Ash Sh??i,122,,
Az Z?wiyah,122,,
Bangh?z?,122,,
Ban? Wal?d,122,,
Darnah,122,,
Ghad?mis,122,,
Ghary?n,122,,
Gh?t,122,,
Jaghb?b,122,,
Mi?r?tah,122,,
Mizdah,122,,
Murzuq,122,,
N?l?t,122,,
Sabh?,122,,
?abr?tah ?urm?n,122,,
Surt,122,,
T?j?r? wa an Naw?h? al Arb?h,122,,
?ar?bulus,122,,
Tarh?nah,122,,
W?d? al hay?t,122,,
Yafran,122,,
Liechtenstein,123,,
Alytaus Apskritis,124,,
Kauno Apskritis,124,,
Klaipedos Apskritis,124,,
Marijampoles Apskritis,124,,
Panevezio Apskritis,124,,
Sisuliu Apskritis,124,,
Taurages Apskritis,124,,
Telsiu Apskritis,124,,
Utenos Apskritis,124,,
Vilniaus Apskritis,124,,
Diekirch,125,,
GreveNmacher,125,,
Macao,126,,
"Macedonia, Republic of",127,,
Antananarivo,128,,
Antsiranana,128,,
Fianarantsoa,128,,
Mahajanga,128,,
Toamasina,128,,
Toliara,128,,
Balaka,129,,
Blantyre,129,,
Chikwawa,129,,
Chiradzulu,129,,
Chitipa,129,,
Dedza,129,,
Dowa,129,,
Karonga,129,,
Kasungu,129,,
Likoma Island,129,,
Lilongwe,129,,
Machinga,129,,
Mangochi,129,,
Mchinji,129,,
Mulanje,129,,
Mwanza,129,,
Mzimba,129,,
Nkhata Bay,129,,
Nkhotakota,129,,
Nsanje,129,,
Ntcheu,129,,
Ntchisi,129,,
Phalomba,129,,
Rumphi,129,,
Salima,129,,
Thyolo,129,,
Zomba,129,,
Wilayah Persekutuan Kuala Lumpur,130,,
Wilayah Persekutuan Labuan,130,,
Wilayah Persekutuan Putrajaya,130,,
Johor,130,,
Kedah,130,,
Kelantan,130,,
Melaka,130,,
Negeri Sembilan,130,,
Pahang,130,,
Perak,130,,
Perlis,130,,
Pulau Pinang,130,,
Sabah,130,,
Sarawak,130,,
Selangor,130,,
Terengganu,130,,
Male,131,,
Alif,131,,
Baa,131,,
Dhaalu,131,,
Faafu,131,,
Gaaf Alif,131,,
Gaefu Dhaalu,131,,
Gnaviyani,131,,
Haa Alif,131,,
Haa Dhaalu,131,,
Kaafu,131,,
Laamu,131,,
Lhaviyani,131,,
Meemu,131,,
Noonu,131,,
Raa,131,,
Seenu,131,,
Shaviyani,131,,
Thaa,131,,
Vaavu,131,,
Bamako,132,,
Gao,132,,
Kayes,132,,
Kidal,132,,
Xoulikoro,132,,
Mopti,132,,
S69ou,132,,
Sikasso,132,,
Tombouctou,132,,
Malta,133,,
Ailinglapalap,134,,
Ailuk,134,,
Arno,134,,
Aur,134,,
Ebon,134,,
Eniwetok,134,,
Jaluit,134,,
Kili,134,,
Kwajalein,134,,
Lae,134,,
Lib,134,,
Likiep,134,,
Majuro,134,,
Maloelap,134,,
Mejit,134,,
Mili,134,,
Namorik,134,,
Namu,134,,
Rongelap,134,,
Ujae,134,,
Ujelang,134,,
Utirik,134,,
Wotho,134,,
Wotje,134,,
Martinique,135,,
Nouakchott,136,,
Assaba,136,,
Brakna,136,,
Dakhlet Nouadhibou,136,,
Gorgol,136,,
Guidimaka,136,,
Hodh ech Chargui,136,,
Hodh el Charbi,136,,
Inchiri,136,,
Tagant,136,,
Tiris Zemmour,136,,
Trarza,136,,
Beau Bassin,137,,
Curepipe,137,,
Port Louis,137,,
Quatre Bornes,137,,
Vacosa,137,,
Black River,137,,
Flacq,137,,
Grand Port,137,,
Moka,137,,
Pamplemousses,137,,
Plaines Wilhems,137,,
Riviere du Rempart,137,,
Savanne,137,,
Agalega Islands,137,,
Cargados Carajos Shoals,137,,
Rodrigues Island,137,,
Mayotte,138,,
Aguascalientes,139,,
Baja California,139,,
Baja California Sur,139,,
Campeche,139,,
Coahuila,139,,
Colima,139,,
Chiapas,139,,
Chihuahua,139,,
Durango,139,,
Guanajuato,139,,
Guerrero,139,,
Hidalgo,139,,
Jalisco,139,,
Mexico,139,,
Michoacin,139,,
Morelos,139,,
Nayarit,139,,
Nuevo Leon,139,,
Oaxaca,139,,
Puebla,139,,
Queretaro,139,,
Quintana Roo,139,,
San Luis Potosi,139,,
Sinaloa,139,,
Sonora,139,,
Tabasco,139,,
Tamaulipas,139,,
Tlaxcala,139,,
Veracruz,139,,
Yucatan,139,,
Zacatecas,139,,
Distrito Federal,139,,
Chuuk,140,,
Kosrae,140,,
Pohnpei,140,,
Yap,140,,
"Gagauzia, Unitate Teritoriala Autonoma",141,,
Chisinau,141,,
"Stinga Nistrului, unitatea teritoriala din",141,,
Balti,141,,
Cahul,141,,
Edinet,141,,
Lapusna,141,,
Orhei,141,,
Soroca,141,,
Taraclia,141,,
Tighina [Bender],141,,
Ungheni,141,,
Monaco,142,,
Ulaanbaatar,143,,
Arhangay,143,,
Bayanhongor,143,,
Bayan,143,,
Bulgan,143,,
Darhan uul,143,,
Dornod,143,,
"Dornogov,",143,,
DundgovL,143,,
Dzavhan,143,,
Govi,143,,
Govi,143,,
Hentiy,143,,
Hovd,143,,
Hovsgol,143,,
Omnogovi,143,,
Orhon,143,,
Ovorhangay,143,,
Selenge,143,,
Shbaatar,143,,
Tov,143,,
Uvs,143,,
Montserrat,144,,
Agadir,145,,
Ait Baha,145,,
Ait Melloul,145,,
Al Haouz,145,,
Al Hoceima,145,,
Assa,145,,
Azilal,145,,
Beni Mellal,145,,
Ben Sllmane,145,,
Berkane,145,,
Boujdour,145,,
Boulemane,145,,
Casablanca  [Dar el Beida],145,,
Chefchaouene,145,,
Chichaoua,145,,
El Hajeb,145,,
El Jadida,145,,
Errachidia,145,,
Essaouira,145,,
Es Smara,145,,
Fes,145,,
Figuig,145,,
Guelmim,145,,
Ifrane,145,,
Jerada,145,,
Kelaat Sraghna,145,,
Kenitra,145,,
Khemisaet,145,,
Khenifra,145,,
Khouribga,145,,
Laayoune (EH),145,,
Larache,145,,
Marrakech,145,,
Meknses,145,,
Nador,145,,
Ouarzazate,145,,
Oued ed Dahab (EH),145,,
Oujda,145,,
Rabat,145,,
Safi,145,,
Sefrou,145,,
Settat,145,,
Sidl Kacem,145,,
Tanger,145,,
Tan,145,,
Taounate,145,,
Taroudannt,145,,
Tata,145,,
Taza,145,,
Tetouan,145,,
Tiznit,145,,
Maputo,146,,
Cabo Delgado,146,,
Gaza,146,,
Inhambane,146,,
Manica,146,,
Numpula,146,,
Niaaea,146,,
Sofala,146,,
Tete,146,,
Zambezia,146,,
Caprivi,147,,
Erongo,147,,
Hardap,147,,
Karas,147,,
Khomae,147,,
Kunene,147,,
Ohangwena,147,,
Okavango,147,,
Omaheke,147,,
Omusati,147,,
Oshana,147,,
Oshikoto,147,,
Otjozondjupa,147,,
Nauru,148,,
Nepal,149,,
Bonaire,150,,
Curacao,150,,
Saba,150,,
St. Eustatius,150,,
St. Maarten,150,,
Drente,151,,
Flevoland,151,,
Friesland,151,,
Gelderland,151,,
Groningen,151,,
Noord,151,,
Noord,151,,
Overijssel,151,,
Utrecht,151,,
Zuid,151,,
Zeeland,151,,
Limburg,151,,
New Caledonia,152,,
Auckland,153,,
Bay of Plenty,153,,
Canterbury,153,,
Gisborne,153,,
Hawkes Bay,153,,
Manawatu,153,,
Marlborough,153,,
Nelson,153,,
Northland,153,,
Otago,153,,
Southland,153,,
Taranaki,153,,
Tasman,153,,
waikato,153,,
Wellington,153,,
West Coast,153,,
Boaco,154,,
Carazo,154,,
Chinandega,154,,
Chontales,154,,
Esteli,154,,
Jinotega,154,,
Leon,154,,
Madriz,154,,
Managua,154,,
Masaya,154,,
Matagalpa,154,,
Nueva Segovia,154,,
Rio San Juan,154,,
Rivas,154,,
Atlantico Norte,154,,
Atlantico Sur,154,,
Niamey,155,,
Agadez,155,,
Diffa,155,,
Dosso,155,,
Maradi,155,,
Tahoua,155,,
Tillaberi,155,,
Zinder,155,,
Abuja Capital Territory,156,,
Abia,156,,
Adamawa,156,,
Akwa Ibom,156,,
Anambra,156,,
Bauchi,156,,
Bayelsa,156,,
Benue,156,,
Borno,156,,
Cross River,156,,
Delta,156,,
Ebonyi,156,,
Edo,156,,
Ekiti,156,,
Enugu,156,,
Gombe,156,,
Imo,156,,
Jigawa,156,,
Kaduna,156,,
Kano,156,,
Katsina,156,,
Kebbi,156,,
Kogi,156,,
Kwara,156,,
Lagos,156,,
Nassarawa,156,,
Niger,156,,
Ogun,156,,
Ondo,156,,
Osun,156,,
Oyo,156,,
Rivers,156,,
Sokoto,156,,
Taraba,156,,
Yobe,156,,
Zamfara,156,,
Niue,157,,
Norfolk Island,158,,
Northern Mariana Islands,159,,
Akershus,160,,
Aust,160,,
Buskerud,160,,
Finumark,160,,
Hedmark,160,,
Hordaland,160,,
Mire og Romsdal,160,,
Nordland,160,,
Nord,160,,
Oppland,160,,
Oslo,160,,
Rogaland,160,,
Sogn og Fjordane,160,,
Sir,160,,
Telemark,160,,
Troms,160,,
Vest,160,,
Vestfold,160,,
Ostfold,160,,
Jan Mayen,160,,
Svalbard,160,,
Ad Dakhillyah,161,,
Al Batinah,161,,
Al Janblyah,161,,
Al Wusta,161,,
Ash Sharqlyah,161,,
Az Zahirah,161,,
Masqat,161,,
Musandam,161,,
Islamabad,162,,
Baluchistan (en),162,,
North,162,,
Sind (en),162,,
Federally Administered Tribal Aresa,162,,
Azad Rashmir,162,,
Northern Areas,162,,
Palau,163,,
Jenin,164,,
Tubas,164,,
Tulkarm,164,,
Nablus,164,,
Qalqilya,164,,
Salfit,164,,
Ramallah and Al,164,,
Jericho,164,,
Jerusalem,164,,
Bethlehem,164,,
Hebron,164,,
North Gaza,164,,
Gaza,164,,
Deir el,164,,
Khan Yunis,164,,
Rafah,164,,
Bocas del Toro,165,,
Cocle,165,,
Chiriqui,165,,
Darien,165,,
Herrera,165,,
Loa Santoa,165,,
Panama,165,,
Veraguas,165,,
Comarca de San Blas,165,,
National Capital District (Port Moresby),166,,
Chimbu,166,,
Eastern Highlands,166,,
East New Britain,166,,
East Sepik,166,,
Enga,166,,
Gulf,166,,
Madang,166,,
Manus,166,,
Milne Bay,166,,
Morobe,166,,
New Ireland,166,,
North Solomons,166,,
Santaun,166,,
Southern Highlands,166,,
Western Highlands,166,,
West New Britain,166,,
Asuncion,167,,
Alto Paraguay,167,,
Alto Parana,167,,
Amambay,167,,
Boqueron,167,,
Caeguazu,167,,
Caazapl,167,,
Canindeyu,167,,
Concepcion,167,,
Cordillera,167,,
Guaira,167,,
Itapua,167,,
Miaiones,167,,
Neembucu,167,,
Paraguari,167,,
Presidente Hayes,167,,
San Pedro,167,,
El Callao,168,,
Ancash,168,,
Apurimac,168,,
Arequipa,168,,
Ayacucho,168,,
Cajamarca,168,,
Cuzco,168,,
Huancavelica,168,,
Huanuco,168,,
Ica,168,,
Junin,168,,
La Libertad,168,,
Lambayeque,168,,
Lima,168,,
Loreto,168,,
Madre de Dios,168,,
Moquegua,168,,
Pasco,168,,
Piura,168,,
Puno,168,,
San Martin,168,,
Tacna,168,,
Tumbes,168,,
Ucayali,168,,
Abra,169,,
Agusan del Norte,169,,
Agusan del Sur,169,,
Aklan,169,,
Albay,169,,
Antique,169,,
Apayao,169,,
Aurora,169,,
Basilan,169,,
Batasn,169,,
Batanes,169,,
Batangas,169,,
Benguet,169,,
Biliran,169,,
Bohol,169,,
Bukidnon,169,,
Bulacan,169,,
Cagayan,169,,
Camarines Norte,169,,
Camarines Sur,169,,
Camiguin,169,,
Capiz,169,,
Catanduanes,169,,
Cavite,169,,
Cebu,169,,
Compostela Valley,169,,
Davao,169,,
Davao del Sur,169,,
Davao Oriental,169,,
Eastern Samar,169,,
Guimaras,169,,
Ifugao,169,,
Ilocos Norte,169,,
Ilocos Sur,169,,
Iloilo,169,,
Isabela,169,,
Kalinga,169,,
Laguna,169,,
Lanao del Norte,169,,
Lanao del Sur,169,,
La Union,169,,
Leyte,169,,
Maguindanao,169,,
Marinduque,169,,
Masbate,169,,
Mindoro Occidental,169,,
Mindoro Oriental,169,,
Misamis Occidental,169,,
Misamis Oriental,169,,
Mountain Province,169,,
Negroe Occidental,169,,
Negros Oriental,169,,
North Cotabato,169,,
Northern Samar,169,,
Nueva Ecija,169,,
Nueva Vizcaya,169,,
Palawan,169,,
Pampanga,169,,
Pangasinan,169,,
Quezon,169,,
Quirino,169,,
Rizal,169,,
Romblon,169,,
Sarangani,169,,
Siquijor,169,,
Sorsogon,169,,
South Cotabato,169,,
Southern Leyte,169,,
Sultan Kudarat,169,,
Sulu,169,,
Surigao del Norte,169,,
Surigao del Sur,169,,
Tarlac,169,,
Tawi,169,,
Western Samar,169,,
Zambales,169,,
Zamboanga del Norte,169,,
Zamboanga del Sur,169,,
Zamboanga Sibiguey,169,,
Pitcairn,170,,
mazowieckie,171,,
pomorskie,171,,
dolno?l?skie,171,,
kujawsko,171,,
lubelskie,171,,
lubuskie,171,,
maopolskie,171,,
opolskie,171,,
podkarpackie,171,,
podlaskie,171,,
lskie,171,,
witokrzyskie,171,,
warmisko,171,,
wielkopolskie,171,,
zachodniopomorskie,171,,
Aveiro,172,,
Beja,172,,
Braga,172,,
Braganca,172,,
Castelo Branco,172,,
Colmbra,172,,
Ovora,172,,
Faro,172,,
Guarda,172,,
Leiria,172,,
Lisboa,172,,
Portalegre,172,,
Porto,172,,
Santarem,172,,
Setubal,172,,
Viana do Castelo,172,,
Vila Real,172,,
Viseu,172,,
Regiao Autonoma dos Acores,172,,
Regiao Autonoma da Madeira,172,,
Puerto Rico,173,,
Ad Dawhah,174,,
Al Ghuwayriyah,174,,
Al Jumayliyah,174,,
Al Khawr,174,,
Al Wakrah,174,,
Ar Rayyan,174,,
Jariyan al Batnah,174,,
Madinat ash Shamal,174,,
Umm Salal,174,,
Bucuresti,175,,
Alba,175,,
Arad,175,,
Arges,175,,
Bacau,175,,
Bihor,175,,
Bistrita,175,,
Botoani,175,,
Braov,175,,
Braila,175,,
Buzau,175,,
Caras,175,,
Ca la rasi,175,,
Cluj,175,,
Constanta,175,,
Covasna,175,,
Dambovita,175,,
Dolj,175,,
Galati,175,,
Giurgiu,175,,
Gorj,175,,
Harghita,175,,
Hunedoara,175,,
Ialomita,175,,
Iasi,175,,
Ilfov,175,,
Maramures,175,,
Mehedinti,175,,
Mures,175,,
Neamt,175,,
Olt,175,,
Prahova,175,,
Satu Mare,175,,
Sa laj,175,,
Sibiu,175,,
Suceava,175,,
Teleorman,175,,
Timis,175,,
Tulcea,175,,
Vaslui,175,,
Valcea,175,,
Vrancea,175,,
"Adygeya, Respublika",176,,
"Altay, Respublika",176,,
"Bashkortostan, Respublika",176,,
"Buryatiya, Respublika",176,,
Chechenskaya Respublika,176,,
Chuvashskaya Respublika,176,,
"Dagestan, Respublika",176,,
Ingushskaya Respublika,176,,
Kabardino,176,,
"Kalmykiya, Respublika",176,,
Karachayevo,176,,
"Kareliya, Respublika",176,,
"Khakasiya, Respublika",176,,
"Komi, Respublika",176,,
"Mariy El, Respublika",176,,
"Mordoviya, Respublika",176,,
"Sakha, Respublika [Yakutiya]",176,,
"Severnaya Osetiya, Respublika",176,,
"Tatarstan, Respublika",176,,
"Tyva, Respublika [Tuva]",176,,
Udmurtskaya Respublika,176,,
Altayskiy kray,176,,
Khabarovskiy kray,176,,
Krasnodarskiy kray,176,,
Krasnoyarskiy kray,176,,
Primorskiy kray,176,,
Stavropolskiy kray,176,,
Amurskaya oblast,176,,
Arkhangelskaya oblast,176,,
Astrakhanskaya oblast,176,,
Belgorodskaya oblast,176,,
Bryanskaya oblast,176,,
Chelyabinskaya oblast,176,,
Chitinskaya oblast,176,,
Irkutskaya oblast,176,,
Ivanovskaya oblast,176,,
Kaliningradskaya oblast,176,,
Kaluzhskaya oblast,176,,
Kamchatskaya oblast,176,,
Kemerovskaya oblast,176,,
Kirovskaya oblast,176,,
Kostromskaya oblast,176,,
Kurganskaya oblast,176,,
Kurskaya oblast,176,,
Leningradskaya oblast,176,,
Lipetskaya oblast,176,,
Magadanskaya oblast,176,,
Moskovskaya oblast,176,,
Murmanskaya oblast,176,,
Nizhegorodskaya oblast,176,,
Novgorodskaya oblast,176,,
Novosibirskaya oblast,176,,
Omskaya oblast,176,,
Orenburgskaya oblast,176,,
Orlovskaya oblast,176,,
Penzenskaya oblast,176,,
Permskaya oblast,176,,
Pskovskaya oblast,176,,
Rostovskaya oblast,176,,
Ryazanskaya oblast,176,,
Sakhalinskaya oblast,176,,
Samarskaya oblast,176,,
Saratovskaya oblast,176,,
Smolenskaya oblast,176,,
Sverdlovskaya oblast,176,,
Tambovskaya oblast,176,,
Tomskaya oblast,176,,
Tulskaya oblast,176,,
Tverskaya oblast,176,,
Tyumenskaya oblast,176,,
Ulyanovskaya oblast,176,,
Vladimirskaya oblast,176,,
Volgogradskaya oblast,176,,
Vologodskaya oblast,176,,
Voronezhskaya oblast,176,,
Yaroslavskaya oblast,176,,
Moskva,176,,
Sankt,176,,
Yevreyskaya avtonomnaya oblast,176,,
Aginskiy Buryatskiy avtonomnyy,176,,
Chukotskiy avtonomnyy okrug,176,,
Evenkiyskiy avtonomnyy okrug,176,,
Khanty,176,,
Komi,176,,
Koryakskiy avtonomnyy okrug,176,,
Nenetskiy avtonomnyy okrug,176,,
Taymyrskiy (Dolgano,176,,
Ust,176,,
Yamalo,176,,
Butare,177,,
Byumba,177,,
Cyangugu,177,,
Gikongoro,177,,
Gisenyi,177,,
Gitarama,177,,
Kibungo,177,,
Kibuye,177,,
Kigali,177,,
Kigali,177,,
Mutara,177,,
Ruhengeri,177,,
Reunion,178,,
Saint Helena,179,,
Ascension,179,,
Tristan da Cunha,179,,
Saint Kitts and Nevis,180,,
Saint Lucia,181,,
Saint Pierre and Miquelon,182,,
Saint Vincent and the Grenadines,183,,
Aana,184,,
Aiga,184,,
Atua,184,,
Faaaaleleaga,184,,
Gagaemauga,184,,
Gagaifomauga,184,,
Palauli,184,,
Satupaitea,184,,
Tuamasaga,184,,
Vaa,184,,
Vaisigano,184,,
San Marino,185,,
Al Batah,186,,
"Al H,udd ash Shamallyah",186,,
Al Jawf,186,,
Al Madinah,186,,
Al Qasim,186,,
Ar Riyad,186,,
Asir,186,,
Hail,186,,
Jlzan,186,,
Makkah,186,,
Najran,186,,
Tabuk,186,,
Dakar,187,,
Diourbel,187,,
Fatick,187,,
Kaolack,187,,
Kolda,187,,
Louga,187,,
Matam,187,,
Saint,187,,
Tambacounda,187,,
Thies,187,,
Ziguinchor,187,,
Seychelles,188,,
Western Area (Freetown),189,,
Singapore,190,,
Banskobystricky kraj,191,,
Bratislavsky kraj,191,,
Kosicky kraj,191,,
Nitriansky kraj,191,,
Presovsky kraj,191,,
Tren?iansky kraj,191,,
Trnavsky kraj,191,,
Zilinsky kraj,191,,
Ajdovscina,192,,
Beltinci,192,,
Benedikt,192,,
Bistrica ob Sotli,192,,
Bled,192,,
Bloke,192,,
Bohinj,192,,
Borovnica,192,,
Bovec,192,,
Braslovce,192,,
Brda,192,,
Brezovica,192,,
Brezica,192,,
Cankova,192,,
Celje,192,,
Cerklje na Gorenjskem,192,,
Cerknica,192,,
Cerkno,192,,
Cerkvenjak,192,,
Crensovci,192,,
Crna na Koroskem,192,,
Crnomelj,192,,
Destrnik,192,,
Divaca,192,,
Dobje,192,,
Dobrepolje,192,,
Dobrna,192,,
Dobrova,192,,
Dobrovnik,192,,
Dol pri Ljubljani,192,,
Dolenjske Toplice,192,,
Domzale,192,,
Dornava,192,,
Dravograd,192,,
Duplek,192,,
Gorenja vas,192,,
Gorsnica,192,,
Gornja Radgona,192,,
Gornji Grad,192,,
Gornji Petrovci,192,,
Grad,192,,
Grosuplje,192,,
Hajdina,192,,
Hoce,192,,
Hodos,192,,
Jorjul,192,,
Hrastnik,192,,
Hrpelje,192,,
Idrija,192,,
Ig,192,,
IIrska Bistrica,192,,
Ivancna Gorica,192,,
Izola,192,,
Jesenice,192,,
Jezersko,192,,
Jursinci,192,,
Kamnik,192,,
Kanal,192,,
Kidricevo,192,,
Kobarid,192,,
Kobilje,192,,
Jovevje,192,,
Komen,192,,
Komenda,192,,
Koper,192,,
Kostel,192,,
Kozje,192,,
Kranj,192,,
Kranjska Gora,192,,
Krizevci,192,,
Krsko,192,,
Kungota,192,,
Kuzma,192,,
Lasko,192,,
Lenart,192,,
Lendava,192,,
Litija,192,,
Ljubljana,192,,
Ljubno,192,,
Ljutomer,192,,
Logatec,192,,
Loska dolina,192,,
Loski Potok,192,,
Lovrenc na Pohorju,192,,
Luce,192,,
Lukovica,192,,
Majsperk,192,,
Maribor,192,,
Markovci,192,,
Medvode,192,,
Menges,192,,
Metlika,192,,
Mezica,192,,
Miklavz na Dravskern polju,192,,
Miren,192,,
Mirna Pec,192,,
Mislinja,192,,
Moravce,192,,
Moravske Toplice,192,,
Mozirje,192,,
Murska Sobota,192,,
Muta,192,,
Naklo,192,,
Nazarje,192,,
Nova Gorica,192,,
Nova mesto,192,,
Sveta Ana,192,,
Sveti Andraz v Slovenskih goricah,192,,
Sveti Jurij,192,,
Salovci,192,,
Sempeter,192,,
Sencur,192,,
Sentilj,192,,
Sentjernej,192,,
Sentjur pri Celju,192,,
Skocjan,192,,
Skofja Loka,192,,
Skoftjica,192,,
Smarje pri Jelsah,192,,
Smartno ob Paki,192,,
Smartno pri Litiji,192,,
Sostanj,192,,
Store,192,,
Tabor,192,,
Tisina,192,,
Tolmin,192,,
Trbovje,192,,
Trebnje,192,,
Trnovska vas,192,,
Trzic,192,,
Trzin,192,,
Turnisce,192,,
Velenje,192,,
Velika Polana,192,,
Velika Lasce,192,,
Verzej,192,,
Videm,192,,
Vipava,192,,
Vitanje,192,,
Vojnik,192,,
Vransko,192,,
Vrhnika,192,,
Vuzenica,192,,
Zagorje ob Savi,192,,
Zavrc,192,,
Zrece,192,,
Zalec,192,,
Zelezniki,192,,
Zetale,192,,
Ziri,192,,
Zirovnica,192,,
Zuzemberk,192,,
Capital Territory (Honiara),193,,
Guadalcanal,193,,
Isabel,193,,
Makira,193,,
Malaita,193,,
Temotu,193,,
Awdal,194,,
Bakool,194,,
Banaadir,194,,
Bay,194,,
Galguduud,194,,
Gedo,194,,
Hiirsan,194,,
Jubbada Dhexe,194,,
Jubbada Hoose,194,,
Mudug,194,,
Nugaal,194,,
Saneag,194,,
Shabeellaha Dhexe,194,,
Shabeellaha Hoose,194,,
Sool,194,,
Togdheer,194,,
Woqooyi Galbeed,194,,
Eastern Cape,195,,
Free State,195,,
Gauteng,195,,
Kwazulu,195,,
Mpumalanga,195,,
Northern Cape,195,,
Limpopo,195,,
Western Cape,195,,
North West,195,,
South Georgia and the South Sandwich Islands,196,,
alava,197,,
Albacete,197,,
Alicante,197,,
Almeria,197,,
Asturias,197,,
avila,197,,
Badajoz,197,,
Baleares,197,,
Barcelona,197,,
Burgos,197,,
Caceres,197,,
Cadiz,197,,
Cantabria,197,,
Castellon,197,,
Ciudad Real,197,,
Cuenca,197,,
Girona [Gerona],197,,
Granada,197,,
Guadalajara,197,,
Guipuzcoa,197,,
Huelva,197,,
Huesca,197,,
Jaen,197,,
La Coruna,197,,
La Rioja,197,,
Las Palmas,197,,
Leon,197,,
Lleida [Lerida],197,,
Lugo,197,,
Madrid,197,,
Malaga,197,,
Murcia,197,,
Navarra,197,,
Ourense,197,,
Palencia,197,,
Pontevedra,197,,
Salamanca,197,,
Santa Cruz de Tenerife,197,,
Segovia,197,,
Sevilla,197,,
Soria,197,,
Tarragona,197,,
Teruel,197,,
Valencia,197,,
Valladolid,197,,
Vizcaya,197,,
Zamora,197,,
Zaragoza,197,,
Ceuta,197,,
Melilla,197,,
Ampara,198,,
Anuradhapura,198,,
Badulla,198,,
Batticaloa,198,,
Colombo,198,,
Galle,198,,
Gampaha,198,,
Hambantota,198,,
Jaffna,198,,
Kalutara,198,,
Kandy,198,,
Kegalla,198,,
Kilinochchi,198,,
Kurunegala,198,,
Mannar,198,,
Matale,198,,
Matara,198,,
Monaragala,198,,
Mullaittivu,198,,
Nuwara Eliya,198,,
Polonnaruwa,198,,
Puttalum,198,,
Ratnapura,198,,
Trincomalee,198,,
VavunLya,198,,
Aali an Nil,199,,
Al Bah al Ahmar,199,,
Al Buhayrat,199,,
Al Jazirah,199,,
Al Khartum,199,,
Al Qadarif,199,,
Al Wahdah,199,,
An Nil,199,,
An Nil al Abyaq,199,,
An Nil al Azraq,199,,
Ash Shamallyah,199,,
Bahr al Jabal,199,,
Gharb al Istiwaiyah,199,,
Gharb Ba~r al Ghazal,199,,
Gharb Darfur,199,,
Gharb Kurdufan,199,,
Janub Darfur,199,,
Janub Rurdufan,199,,
Jnqall,199,,
Kassala,199,,
Shamal Batr al Ghazal,199,,
Shamal Darfur,199,,
Shamal Kurdufan,199,,
Sharq al Istiwaiyah,199,,
Sinnar,199,,
Warab,199,,
Brokopondo,200,,
Commewijne,200,,
Coronie,200,,
Marowijne,200,,
Nickerie,200,,
Paramaribo,200,,
Saramacca,200,,
Sipaliwini,200,,
Wanica,200,,
Svalbard and Jan Mayen,201,,
Hhohho,202,,
Lubombo,202,,
Manzini,202,,
Shiselweni,202,,
Blekinge lan,203,,
Dalarnas lan,203,,
Gotlands lan,203,,
Gavleborge lan,203,,
Hallands lan,203,,
Jamtlande lan,203,,
Jonkopings lan,203,,
Kalmar lan,203,,
Kronoberge lan,203,,
Norrbottena lan,203,,
Skane lan,203,,
Stockholms lan,203,,
Sodermanlands lan,203,,
Uppsala lan,203,,
Varmlanda lan,203,,
Vasterbottens lan,203,,
Vasternorrlands lan,203,,
Vastmanlanda lan,203,,
Vastra Gotalands lan,203,,
Orebro lan,203,,
Ostergotlands lan,203,,
Aargau,204,,
Appenzell Innerrhoden,204,,
Appenzell Ausserrhoden,204,,
Bern,204,,
Basel,204,,
Basel,204,,
Fribourg,204,,
Geneva,204,,
Glarus,204,,
Graubunden,204,,
Jura,204,,
Luzern,204,,
Neuchatel,204,,
Nidwalden,204,,
Obwalden,204,,
Sankt Gallen,204,,
Schaffhausen,204,,
Solothurn,204,,
Schwyz,204,,
Thurgau,204,,
Ticino,204,,
Uri,204,,
Vaud,204,,
Valais,204,,
Zug,204,,
Zurich,204,,
Al Hasakah,205,,
Al Ladhiqiyah,205,,
Al Qunaytirah,205,,
Ar Raqqah,205,,
As Suwayda,205,,
Dara,205,,
Dayr az Zawr,205,,
Dimashq,205,,
Halab,205,,
Hamah,205,,
Jim,205,,
Idlib,205,,
Rif Dimashq,205,,
Tarts,205,,
Principe,206,,
Sao Tome,206,,
Changhua,207,,
Chiayi,207,,
Hsinchu,207,,
Hualien,207,,
Ilan,207,,
Kaohsiung,207,,
Miaoli,207,,
Nantou,207,,
Penghu,207,,
Pingtung,207,,
Taichung,207,,
Tainan,207,,
Taipei,207,,
Taitung,207,,
Taoyuan,207,,
Yunlin,207,,
Keelung,207,,
Sughd,208,,
Khatlon,208,,
Gorno,208,,
Arusha,209,,
Dar,209,,
Dodoma,209,,
Iringa,209,,
Kagera,209,,
Kaskazini Pemba,209,,
Kaskazini Unguja,209,,
Xigoma,209,,
Kilimanjaro,209,,
Rusini Pemba,209,,
Kusini Unguja,209,,
Lindi,209,,
Manyara,209,,
Mara,209,,
Mbeya,209,,
Mjini Magharibi,209,,
Morogoro,209,,
Mtwara,209,,
Pwani,209,,
Rukwa,209,,
Ruvuma,209,,
Shinyanga,209,,
Singida,209,,
Tabora,209,,
Tanga,209,,
Krung Thep Maha Nakhon Bangkok,210,,
Phatthaya,210,,
Amnat Charoen,210,,
Ang Thong,210,,
Buri Ram,210,,
Chachoengsao,210,,
Chai Nat,210,,
Chaiyaphum,210,,
Chanthaburi,210,,
Chiang Mai,210,,
Chiang Rai,210,,
Chon Buri,210,,
Chumphon,210,,
Kalasin,210,,
Kamphasng Phet,210,,
Kanchanaburi,210,,
Khon Kaen,210,,
Krabi,210,,
Lampang,210,,
Lamphun,210,,
Loei,210,,
Lop Buri,210,,
Mae Hong Son,210,,
Maha Sarakham,210,,
Mukdahan,210,,
Nakhon Nayok,210,,
Nakhon Pathom,210,,
Nakhon Phanom,210,,
Nakhon Ratchasima,210,,
Nakhon Sawan,210,,
Nakhon Si Thammarat,210,,
Nan,210,,
Narathiwat,210,,
Nong Bua Lam Phu,210,,
Nong Khai,210,,
Nonthaburi,210,,
Pathum Thani,210,,
Pattani,210,,
Phangnga,210,,
Phatthalung,210,,
Phayao,210,,
Phetchabun,210,,
Phetchaburi,210,,
Phichit,210,,
Phitsanulok,210,,
Phrae,210,,
Phra Nakhon Si Ayutthaya,210,,
Phaket,210,,
Prachin Buri,210,,
Prachuap Khiri Khan,210,,
Ranong,210,,
Ratchaburi,210,,
Rayong,210,,
Roi Et,210,,
Sa Kaeo,210,,
Sakon Nakhon,210,,
Samut Prakan,210,,
Samut Sakhon,210,,
Samut Songkhram,210,,
Saraburi,210,,
Satun,210,,
Sing Buri,210,,
Si Sa Ket,210,,
Songkhla,210,,
Sukhothai,210,,
Suphan Buri,210,,
Surat Thani,210,,
Surin,210,,
Tak,210,,
Trang,210,,
Trat,210,,
Ubon Ratchathani,210,,
Udon Thani,210,,
Uthai Thani,210,,
Uttaradit,210,,
Yala,210,,
Yasothon,210,,
Acklins and Crooked Islands,211,,
Bimini,211,,
Cat Island,211,,
Exuma,211,,
Freeport,211,,
Fresh Creek,211,,
Governors Harbour,211,,
Green Turtle Cay,211,,
Harbour Island,211,,
High Rock,211,,
Inagua,211,,
Kemps Bay,211,,
Long Island,211,,
Marsh Harbour,211,,
Mayaguana,211,,
New Providence,211,,
Nicholls Town and Berry Islands,211,,
Ragged Island,211,,
Rock Sound,211,,
Sandy Point,211,,
San Salvador and Rum Cay,211,,
Banjul,212,,
Lower River,212,,
MacCarthy Island,212,,
North Bank,212,,
Upper River,212,,
Kara,213,,
Maritime (Region),213,,
Savannes,213,,
Tokelau,214,,
Tonga,215,,
Couva,216,,
Diego Martin,216,,
Eastern Tobago,216,,
Penal,216,,
Princes Town,216,,
Rio Claro,216,,
Sangre Grande,216,,
San Juan,216,,
Siparia,216,,
Tunapuna,216,,
Western Tobago,216,,
Arima,216,,
Chaguanas,216,,
Point Fortin,216,,
Port of Spain,216,,
San Fernando,216,,
Beja,217,,
Ben Arous,217,,
Bizerte,217,,
Gabes,217,,
Gafsa,217,,
Jendouba,217,,
Kairouan,217,,
Rasserine,217,,
Kebili,217,,
LAriana,217,,
Le Ref,217,,
Mahdia,217,,
La Manouba,217,,
Medenine,217,,
Moneatir,217,,
Naboul,217,,
Sfax,217,,
Sidi Bouxid,217,,
Siliana,217,,
Sousse,217,,
Tataouine,217,,
Tozeur,217,,
Tunis,217,,
Zaghouan,217,,
Adana,218,,
Ad yaman,218,,
Afyon,218,,
Ag r,218,,
Aksaray,218,,
Amasya,218,,
Ankara,218,,
Antalya,218,,
Ardahan,218,,
Artvin,218,,
Aydin,218,,
Bal kesir,218,,
Bartin,218,,
Batman,218,,
Bayburt,218,,
Bilecik,218,,
Bingol,218,,
Bitlis,218,,
Bolu,218,,
Burdur,218,,
Bursa,218,,
Canakkale,218,,
Cankir,218,,
Corum,218,,
Denizli,218,,
Diyarbakir,218,,
Duzce,218,,
Edirne,218,,
Elazig,218,,
Erzincan,218,,
Erzurum,218,,
Eskisehir,218,,
Gaziantep,218,,
Giresun,218,,
Gmshane,218,,
Hakkari,218,,
Hatay,218,,
Igidir,218,,
Isparta,218,,
Icel,218,,
Istanbul,218,,
Izmir,218,,
Kahramanmaras,218,,
Karabk,218,,
Karaman,218,,
Kars,218,,
Kastamonu,218,,
Kayseri,218,,
Kirikkale,218,,
Kirklareli,218,,
Kirsehir,218,,
Kilis,218,,
Kocaeli,218,,
Konya,218,,
Ktahya,218,,
Malatya,218,,
Manisa,218,,
Mardin,218,,
Mugila,218,,
Mus,218,,
Nevsehir,218,,
Nigide,218,,
Ordu,218,,
Osmaniye,218,,
Rize,218,,
Sakarya,218,,
Samsun,218,,
Siirt,218,,
Sinop,218,,
Sivas,218,,
Sanliurfa,218,,
Srnak,218,,
Tekirdag,218,,
Tokat,218,,
Trabzon,218,,
Tunceli,218,,
Usak,218,,
Van,218,,
Yalova,218,,
Yozgat,218,,
Zonguldak,218,,
Ahal,219,,
Balkan,219,,
Dasoguz,219,,
Lebap,219,,
Mary,219,,
Turks and Caicos Islands,220,,
Tuvalu,221,,
Adjumani,222,,
Apac,222,,
Arua,222,,
Bugiri,222,,
Bundibugyo,222,,
Bushenyi,222,,
Busia,222,,
Gulu,222,,
Hoima,222,,
Iganga,222,,
Jinja,222,,
Kabale,222,,
Kabarole,222,,
Kaberamaido,222,,
Kalangala,222,,
Kampala,222,,
Kamuli,222,,
Kamwenge,222,,
Kanungu,222,,
Kapchorwa,222,,
Kasese,222,,
Katakwi,222,,
Kayunga,222,,
Kibaale,222,,
Kiboga,222,,
Kisoro,222,,
Kitgum,222,,
Kotido,222,,
Kumi,222,,
Kyenjojo,222,,
Lira,222,,
Luwero,222,,
Masaka,222,,
Masindi,222,,
Mayuge,222,,
Mbale,222,,
Mbarara,222,,
Moroto,222,,
Moyo,222,,
Mpigi,222,,
Mubende,222,,
Mukono,222,,
Nakapiripirit,222,,
Nakasongola,222,,
Nebbi,222,,
Ntungamo,222,,
Pader,222,,
Pallisa,222,,
Rakai,222,,
Rukungiri,222,,
Sembabule,222,,
Sironko,222,,
Soroti,222,,
Tororo,222,,
Wakiso,222,,
Yumbe,222,,
Cherkaska Oblast,223,,
Chernihivska Oblast,223,,
Chernivetska Oblast,223,,
Dnipropetrovska Oblast,223,,
Donetska Oblast,223,,
Ivano,223,,
Kharkivska Oblast,223,,
Khersonska Oblast,223,,
Khmelnytska Oblast,223,,
Kirovohradska Oblast,223,,
Kyivska Oblast,223,,
Luhanska Oblast,223,,
Lvivska Oblast,223,,
Mykolaivska Oblast,223,,
Odes ka Oblast,223,,
Poltavska Oblast,223,,
Rivnenska Oblast,223,,
Sums ka Oblast,223,,
Ternopilska Oblast,223,,
Vinnytska Oblast,223,,
Volyoska Oblast,223,,
Zakarpatska Oblast,223,,
Zaporizka Oblast,223,,
Zhytomyrska Oblast,223,,
Respublika Krym,223,,
Kyiv,223,,
Sevastopol,223,,
Abu Zaby,224,,
Ajman,224,,
Al Fujayrah,224,,
Ash Shariqah,224,,
Dubayy,224,,
Ras al Khaymah,224,,
Umm al Qaywayn,224,,
Aberdeen City,225,,
Aberdeenshire,225,,
Angus,225,,
Co Antrim,225,,
Argyll and Bute,225,,
Co Armagh,225,,
Bedfordshire,225,,
Gwent,225,,
"Bristol, City of",225,,
Buckinghamshire,225,,
Cambridgeshire,225,,
Cheshire,225,,
Clackmannanshire,225,,
Cornwall,225,,
Cumbria,225,,
Derbyshire,225,,
Co Londonderry,225,,
Devon,225,,
Dorset,225,,
Co Down,225,,
Dumfries and Galloway,225,,
Dundee City,225,,
County Durham,225,,
East Ayrshire,225,,
East Dunbartonshire,225,,
East Lothian,225,,
East Renfrewshire,225,,
East Riding of Yorkshire,225,,
East Sussex,225,,
"Edinburgh, City of",225,,
Na h,225,,
Essex,225,,
Falkirk,225,,
Co Fermanagh,225,,
Fife,225,,
Glasgow City,225,,
Gloucestershire,225,,
Gwynedd,225,,
Hampshire,225,,
Herefordshire,225,,
Hertfordshire,225,,
Highland,225,,
Inverclyde,225,,
Isle of Wight,225,,
Kent,225,,
Lancashire,225,,
Leicestershire,225,,
Midlothian,225,,
Moray,225,,
Norfolk,225,,
North Ayrshire,225,,
North Lanarkshire,225,,
North Yorkshire,225,,
Northamptonshire,225,,
Northumberland,225,,
Nottinghamshire,225,,
Oldham,225,,
Omagh,225,,
Orkney Islands,225,,
Oxfordshire,225,,
Perth and Kinross,225,,
Powys,225,,
Renfrewshire,225,,
Rutland,225,,
Scottish Borders,225,,
Shetland Islands,225,,
Shropshire,225,,
Somerset,225,,
South Ayrshire,225,,
South Gloucestershire,225,,
South Lanarkshire,225,,
Staffordshire,225,,
Stirling,225,,
Suffolk,225,,
Surrey,225,,
Mid Glamorgan,225,,
Warwickshire,225,,
West Dunbartonshire,225,,
West Lothian,225,,
West Sussex,225,,
Wiltshire,225,,
Worcestershire,225,,
Tyne and Wear,225,,
Greater Manchester,225,,
Co Tyrone,225,,
West Yorkshire,225,,
South Yorkshire,225,,
Merseyside,225,,
Berkshire,225,,
West Midlands,225,,
West Glamorgan,225,,
Greater London,225,,
Clwyd,225,,
Dyfed,225,,
South Glamorgan,225,,
Baker Island,226,,
Howland Island,226,,
Jarvis Island,226,,
Johnston Atoll,226,,
Kingman Reef,226,,
Midway Islands,226,,
Navassa Island,226,,
Palmyra Atoll,226,,
Wake Ialand,226,,
Alabama,227,,
Alaska,227,,
Arizona,227,,
Arkansas,227,,
California,227,,
Colorado,227,,
Connecticut,227,,
Delaware,227,,
Florida,227,,
Georgia,227,,
Hawaii,227,,
Idaho,227,,
Illinois,227,,
Indiana,227,,
Iowa,227,,
Kansas,227,,
Kentucky,227,,
Louisiana,227,,
Maine,227,,
Maryland,227,,
Massachusetts,227,,
Michigan,227,,
Minnesota,227,,
Mississippi,227,,
Missouri,227,,
Montana,227,,
Nebraska,227,,
Nevada,227,,
New Hampshire,227,,
New Jersey,227,,
New Mexico,227,,
New York,227,,
North Carolina,227,,
North Dakota,227,,
Ohio,227,,
Oklahoma,227,,
Oregon,227,,
Pennsylvania,227,,
Rhode Island,227,,
South Carolina,227,,
South Dakota,227,,
Tennessee,227,,
Texas,227,,
Utah,227,,
Vermont,227,,
Virginia,227,,
Washington,227,,
West Virginia,227,,
Wisconsin,227,,
Wyoming,227,,
District of Columbia,227,,
American Samoa,227,,
Guam,227,,
Northern Mariana Islands,227,,
Puerto Rico,227,,
Virgin Islands,227,,
United States Minor Outlying Islands,227,,
Armed Forces Europe,227,,
Armed Forces Americas,227,,
Armed Forces Pacific,227,,
Artigsa,228,,
Canelones,228,,
Cerro Largo,228,,
Colonia,228,,
Durazno,228,,
Flores,228,,
Lavalleja,228,,
Maldonado,228,,
Montevideo,228,,
Paysandu,228,,
Rivera,228,,
Rocha,228,,
Salto,228,,
Soriano,228,,
Tacuarembo,228,,
Treinta y Tres,228,,
Toshkent (city),229,,
Qoraqalpogiston Respublikasi,229,,
Andijon,229,,
Buxoro,229,,
Fargona,229,,
Jizzax,229,,
Khorazm,229,,
Namangan,229,,
Navoiy,229,,
Qashqadaryo,229,,
Samarqand,229,,
Sirdaryo,229,,
Surxondaryo,229,,
Toshkent,229,,
Xorazm,229,,
Malampa,230,,
Penama,230,,
Sanma,230,,
Shefa,230,,
Tafea,230,,
Torba,230,,
Diatrito Federal,231,,
Anzoategui,231,,
Apure,231,,
Aragua,231,,
Barinas,231,,
Carabobo,231,,
Cojedes,231,,
Falcon,231,,
Guarico,231,,
Lara,231,,
Merida,231,,
Miranda,231,,
Monagas,231,,
Nueva Esparta,231,,
Portuguesa,231,,
Tachira,231,,
Trujillo,231,,
Vargas,231,,
Yaracuy,231,,
Zulia,231,,
Delta Amacuro,231,,
Dependencias Federales,231,,
Dac Lac,232,,
An Giang,232,,
Ba Ria ,232,,
Bac Can,232,,
Bac Giang,232,,
Bac Lieu,232,,
Bac Ninh,232,,
Ben Tre,232,,
Binh Dinh,232,,
Binh Duong,232,,
Binh Phuoc,232,,
Binh Thuan,232,,
Ca Mau,232,,
Can Tho,232,,
Cao Bang,232,,
"Da Nang, thanh pho",232,,
Dong Nai,232,,
Dong Thap,232,,
Gia Lai,232,,
Ha Giang,232,,
Ha Nam,232,,
"Ha Noi, thu do",232,,
Ha Tay,232,,
Ha Tinh,232,,
Hai Duong,232,,
"Hai Phong, thanh pho",232,,
Hoa Binh,232,,
"Ho Chi Minh, thanh pho [Sai Gon]",232,,
Hung Yen,232,,
Khanh Hoa,232,,
Kien Giang,232,,
Kon Tum,232,,
Lai Chau,232,,
Lam Dong,232,,
Lang Son,232,,
Lao Cai,232,,
Long An,232,,
Nam Dinh,232,,
Nghe An,232,,
Ninh Binh,232,,
Ninh Thuan,232,,
Phu Tho,232,,
Phu Yen,232,,
Quang Binh,232,,
Quang Nam,232,,
Quang Ngai,232,,
Quang Ninh,232,,
Quang Tri,232,,
Soc Trang,232,,
Son La,232,,
Tay Ninh,232,,
Thai Binh,232,,
Thai Nguyen,232,,
Thanh Hoa,232,,
Thua Thien,232,,
Tien Giang,232,,
Tra Vinh,232,,
Tuyen Quang,232,,
Vinh Long,232,,
Vinh Phuc,232,,
Yen Bai,232,,
"Virgin Islands, U.S.",233,,
Wallis and Futuna,234,,
Western Sahara,235,,
Abyan,236,,
Adan,236,,
Ad Dali,236,,
Al Bayda,236,,
Al Hudaydah,236,,
Al Mahrah,236,,
Al Mahwit,236,,
Amran,236,,
Dhamar,236,,
Hadramawt,236,,
Hajjah,236,,
Ibb,236,,
Lahij,236,,
Marib,236,,
Sadah,236,,
Sana,236,,
Shabwah,236,,
Taizz,236,,
Crna Gora,237,,
Srbija,237,,
Kosovo,237,,
Vojvodina,237,,
Copperbelt,238,,
Luapula,238,,
Lusaka,238,,
North,238,,
Bulawayo,239,,
Harare,239,,
Manicaland,239,,
Mashonaland Central,239,,
Mashonaland East,239,,
Mashonaland West,239,,
Masvingo,239,,
Matabeleland North,239,,
Matabeleland South,239,,
Midlands,239,,
Serbia,240,,
Montenegro,241,,
Jersey,242,,
Guernsey,243,,
Isle of Man,244,,
Mariehamn,245,,
Jomala,245,,
Finstrm,245,,
Lemland,245,,
Saltvik,245,,
Hammarland,245,,
Sund,245,,
Ecker,245,,
Fgl,245,,
Geta,245,,
Brnd,245,,
Vrd,245,,
Lumparland,245,,
Kumlinge,245,,
Kkar,245,,
Sottunga,245,,
"Bonaire, Sint Eustatius and Saba",246,,
Kinshasa,247,,
Kongo Central,247,,
Kwango,247,,
Kwilu Province,247,,
Mai-Ndombe Province,247,,
Kasa Province,247,,
Kasa-Central,247,,
Kasa-Oriental,247,,
Lomami Province,247,,
Sankuru,247,,
Maniema,247,,
South Kivu,247,,
North Kivu,247,,
Ituri Province,247,,
Haut-Uele,247,,
Tshopo,247,,
Bas-Uele,247,,
Nord-Ubangi,247,,
Mongala,247,,
Sud-Ubangi,247,,
quateur,247,,
Tshuapa,247,,
Tanganyika Province,247,,
Haut-Lomami,247,,
Lualaba Province,247,,
Haut-Katanga Province,247,,
Cote d'Ivoire,248,,
Curaao,249,,
Czechia,250,,
Kosovo (temporary code),251,,
Saint Barthlemy,252,,
Saint Martin,253,,
Sint Maarten,254,,
Jonglei,255,,
Fangak State,255,,
Bieh State,255,,
Akobo State,255,,
Maiwut State,255,,
Latjor State,255,,
Boma State,255,,
Central Upper Nile State,255,,
Northern Upper Nile State,255,,
Fashoda State,255,,
Ruweng State,255,,
Southern Liech State,255,,
Northern Liech State,255,,
Gogrial State,255,,
Twic State,255,,
Tonj State,255,,
Gok State,255,,
Western Lake State,255,,
Eastern Lake State,255,,
Aweil East State,255,,
Lol State,255,,
Aweil State,255,,
Wau State,255,,
Jubek State,255,,
Terekeka State,255,,
Yei River State,255,,
Tambura State,255,,
Gbudwe State,255,,
Amadi State,255,,
Maridi State,255,,
Imatong State,255,,
Kapoeta State,255,,
Turkish Rep N Cyprus (temporary code),256,,
